1.0,0.005267,7.049e-07,1.795e-10,9.132e-14,9.2991137476795793e-17,0.1
1.0,0.005812,7.868e-07,2.003e-10,1.019e-13,1.0378745810285715e-16,0.10500000000000001
1.0,0.006386,8.762e-07,2.231e-10,1.135e-13,1.1554664611072938e-16,0.11000000000000001
1.0,0.006989,9.737e-07,2.479e-10,1.263e-13,1.2856368486286463e-16,0.11500000000000002
1.0,0.007621,1.081e-06,2.752e-10,1.401e-13,1.4266622585676023e-16,0.12000000000000002
1.0,0.008282,1.198e-06,3.05e-10,1.553e-13,1.5815665604258197e-16,0.12500000000000003
1.0,0.008973,1.327e-06,3.38e-10,1.721e-13,1.7522347373386011e-16,0.13000000000000003
1.0,0.009693,1.47e-06,3.744e-10,1.906e-13,1.9408475214020968e-16,0.13500000000000004
1.0,0.01044,1.629e-06,4.147e-10,2.111e-13,2.1499164657177392e-16,0.14000000000000004
1.0,0.01122,1.805e-06,4.596e-10,2.339e-13,2.382321954238896e-16,0.14500000000000005
1.0,0.01204,2.001e-06,5.096e-10,2.595e-13,2.6426018727117072e-16,0.15000000000000005
1.0,0.01288,2.221e-06,5.655e-10,2.88e-13,2.9323491752662291e-16,0.15500000000000005
1.0,0.01375,2.466e-06,6.281e-10,3.198e-13,3.2568041330049017e-16,0.16000000000000006
1.0,0.01465,2.742e-06,6.983e-10,3.556e-13,3.6207894918449739e-16,0.16500000000000006
1.0,0.01559,3.052e-06,7.772e-10,3.957e-13,4.0297421504717452e-16,0.17000000000000007
1.0,0.01656,3.4e-06,8.659e-10,4.409e-13,4.489773556501716e-16,0.17500000000000007
1.0,0.01756,3.793e-06,9.658e-10,4.918e-13,5.0077345090248115e-16,0.18000000000000008
1.0,0.01859,4.235e-06,1.078e-09,5.492e-13,5.5924707877969085e-16,0.18500000000000008
1.0,0.01965,4.733e-06,1.205e-09,6.138e-13,6.2504948750572769e-16,0.19000000000000009
1.0,0.02075,5.295e-06,1.348e-09,6.866e-13,6.9922491603561201e-16,0.1950000000000001
1.0,0.02188,5.928e-06,1.51e-09,7.687e-13,7.8283099473962626e-16,0.2000000000000001
1.0,0.02304,6.642e-06,1.691e-09,8.613e-13,8.7703969330115856e-16,0.2050000000000001
1.0,0.02424,7.446e-06,1.896e-09,9.655e-13,9.8314707861877293e-16,0.2100000000000001
1.0,0.02547,8.35e-06,2.126e-09,1.083e-12,1.1025837162731609e-15,0.2150000000000001
1.0,0.02673,9.368e-06,2.385e-09,1.215e-12,1.2369257488170324e-15,0.2200000000000001
1.0,0.02803,1.051e-05,2.677e-09,1.363e-12,1.3880886727351688e-15,0.22500000000000012
1.0,0.02937,1.18e-05,3.004e-09,1.53e-12,1.5576636890323724e-15,0.23000000000000012
1.0,0.03074,1.324e-05,3.371e-09,1.716e-12,1.7478813047864379e-15,0.23500000000000013
1.0,0.03214,1.485e-05,3.782e-09,1.926e-12,1.961028827710338e-15,0.24000000000000013
1.0,0.03359,1.666e-05,4.242e-09,2.16e-12,2.1996066796819073e-15,0.24500000000000013
1.0,0.03506,1.868e-05,4.756e-09,2.422e-12,2.4663444707965524e-15,0.2500000000000001
1.0,0.03658,2.093e-05,5.331e-09,2.714e-12,2.7642180606159897e-15,0.2550000000000001
1.0,0.03813,2.345e-05,5.971e-09,3.041e-12,3.0967120771866658e-15,0.2600000000000001
1.0,0.03972,2.625e-05,6.685e-09,3.405e-12,3.4669287186732582e-15,0.2650000000000001
1.0,0.04134,2.937e-05,7.48e-09,3.809e-12,3.8788898556687255e-15,0.27000000000000013
1.0,0.043,3.284e-05,8.363e-09,4.259e-12,4.3367526520443508e-15,0.27500000000000013
1.0,0.0447,3.668e-05,9.343e-09,4.758e-12,4.8450235612247903e-15,0.28000000000000014
1.0,0.04644,4.095e-05,1.043e-08,5.311e-12,5.4085828146848859e-15,0.28500000000000014
1.0,0.04822,4.567e-05,1.163e-08,5.924e-12,6.0327104398400775e-15,0.29000000000000015
1.0,0.05004,5.09e-05,1.296e-08,6.602e-12,6.7234638023179557e-15,0.29500000000000015
1.0,0.05189,5.667e-05,1.444e-08,7.352e-12,7.486399428928848e-15,0.30000000000000016
1.0,0.05379,6.304e-05,1.606e-08,8.179e-12,8.3284500597492044e-15,0.30500000000000016
1.0,0.05572,7.006e-05,1.785e-08,9.09e-12,9.2567948767655798e-15,0.31000000000000016
1.0,0.0577,7.779e-05,1.982e-08,1.009e-11,1.0279171465685517e-14,0.31500000000000017
1.0,0.05972,8.63e-05,2.199e-08,1.12e-11,1.1403914249485948e-14,0.3200000000000002
1.0,0.06177,9.564e-05,2.437e-08,1.241e-11,1.2640410086410737e-14,0.3250000000000002
1.0,0.06387,0.0001059,2.699e-08,1.375e-11,1.399759061590881e-14,0.3300000000000002
1.0,0.06601,0.0001171,2.986e-08,1.521e-11,1.5486174787250985e-14,0.3350000000000002
1.0,0.06819,0.0001294,3.301e-08,1.681e-11,1.7117335400088422e-14,0.3400000000000002
1.0,0.07041,0.0001429,3.645e-08,1.856e-11,1.8903084787057658e-14,0.3450000000000002
1.0,0.07268,0.0001576,4.022e-08,2.048e-11,2.0856336387662707e-14,0.3500000000000002
1.0,0.07499,0.0001737,4.433e-08,2.258e-11,2.2990972163794244e-14,0.3550000000000002
1.0,0.07734,0.0001913,4.883e-08,2.487e-11,2.5322554529153905e-14,0.3600000000000002
1.0,0.07974,0.0002104,5.373e-08,2.736e-11,2.7866011625530127e-14,0.3650000000000002
1.0,0.08218,0.0002312,5.908e-08,3.009e-11,3.0639125686882151e-14,0.3700000000000002
1.0,0.08466,0.0002539,6.491e-08,3.305e-11,3.3660484859868718e-14,0.3750000000000002
1.0,0.08719,0.0002785,7.125e-08,3.629e-11,3.6950108557090891e-14,0.3800000000000002
1.0,0.08976,0.0003053,7.815e-08,3.98e-11,4.0529575202899436e-14,0.38500000000000023
1.0,0.09237,0.0003343,8.566e-08,4.362e-11,4.4422979621898225e-14,0.39000000000000024
1.0,0.09504,0.0003658,9.382e-08,4.778e-11,4.8654036633190678e-14,0.39500000000000024
1.0,0.09774,0.0004,1.027e-07,5.229e-11,5.3250612353915671e-14,0.40000000000000024
1.0,0.1005,0.0004369,1.123e-07,5.719e-11,5.8242185657339267e-14,0.40500000000000025
1.0,0.1033,0.0004769,1.228e-07,6.251e-11,6.3660749593636159e-14,0.41000000000000025
1.0,0.1061,0.0005202,1.341e-07,6.829e-11,6.9541093980308105e-14,0.41500000000000026
1.0,0.109,0.0005669,1.464e-07,7.456e-11,7.5922209567984137e-14,0.42000000000000026
1.0,0.112,0.0006173,1.597e-07,8.135e-11,8.284360480581225e-14,0.42500000000000027
1.0,0.115,0.0006717,1.742e-07,8.873e-11,9.0351516161248047e-14,0.43000000000000027
1.0,0.118,0.0007303,1.899e-07,9.672e-11,9.8495758898095122e-14,0.4350000000000003
1.0,0.1211,0.0007935,2.07e-07,1.054e-10,1.0733119475105917e-13,0.4400000000000003
1.0,0.1242,0.0008615,2.255e-07,1.148e-10,1.1691842551328364e-13,0.4450000000000003
1.0,0.1274,0.0009347,2.455e-07,1.25e-10,1.2732610046407066e-13,0.4500000000000003
1.0,0.1306,0.001013,2.673e-07,1.361e-10,1.386262194395289e-13,0.4550000000000003
1.0,0.1339,0.001098,2.91e-07,1.482e-10,1.5090326341139436e-13,0.4600000000000003
1.0,0.1372,0.001189,3.167e-07,1.613e-10,1.6425040168932921e-13,0.4650000000000003
1.0,0.1406,0.001286,3.447e-07,1.756e-10,1.7877222397303056e-13,0.4700000000000003
1.0,0.144,0.001391,3.752e-07,1.911e-10,1.9458831046652254e-13,0.4750000000000003
1.0,0.1475,0.001503,4.085e-07,2.08e-10,2.1182856313164345e-13,0.4800000000000003
1.0,0.151,0.001623,4.447e-07,2.265e-10,2.3064522771092325e-13,0.4850000000000003
1.0,0.1546,0.001752,4.844e-07,2.467e-10,2.5120966981688816e-13,0.4900000000000003
1.0,0.1582,0.001889,5.278e-07,2.688e-10,2.7371716234958762e-13,0.49500000000000033
1.0,0.1618,0.002037,5.754e-07,2.93e-10,2.9839310402897076e-13,0.5000000000000003
1.0,0.1656,0.002194,6.276e-07,3.196e-10,3.2548890638851654e-13,0.5050000000000003
1.0,0.1693,0.002362,6.851e-07,3.489e-10,3.5529964158950992e-13,0.5100000000000003
1.0,0.1732,0.002542,7.485e-07,3.812e-10,3.8816249528744114e-13,0.5150000000000003
1.0,0.177,0.002734,8.185e-07,4.168e-10,4.2446591289869785e-13,0.5200000000000004
1.0,0.181,0.002939,8.96e-07,4.563e-10,4.6466138350443103e-13,0.5250000000000004
1.0,0.185,0.003157,9.82e-07,5.001e-10,5.0926113915138162e-13,0.5300000000000004
1.0,0.189,0.00339,1.078e-06,5.488e-10,5.5886702844450227e-13,0.5350000000000004
1.0,0.1931,0.003638,1.184e-06,6.031e-10,6.141731025179223e-13,0.5400000000000004
1.0,0.1972,0.003903,1.303e-06,6.638e-10,6.7598394083871973e-13,0.5450000000000004
1.0,0.2014,0.004184,1.437e-06,7.318e-10,7.4523814371667519e-13,0.5500000000000004
1.0,0.2056,0.004484,1.587e-06,8.082e-10,8.2301040336178719e-13,0.5550000000000004
1.0,0.2099,0.004803,1.756e-06,8.942e-10,9.1056339839564428e-13,0.5600000000000004
1.0,0.2143,0.005142,1.946e-06,9.912e-10,1.0093595717755405e-12,0.5650000000000004
1.0,0.2187,0.005502,2.162e-06,1.101e-09,1.1211057962594225e-12,0.5700000000000004
1.0,0.2232,0.005885,2.406e-06,1.225e-09,1.2477659687168529e-12,0.5750000000000004
1.0,0.2277,0.006292,2.683e-06,1.367e-09,1.3916431168543978e-12,0.5800000000000004
1.0,0.2323,0.006724,2.999e-06,1.527e-09,1.5554168343715054e-12,0.5850000000000004
1.0,0.2369,0.007182,3.359e-06,1.711e-09,1.7421796127303457e-12,0.5900000000000004
1.0,0.2416,0.007669,3.771e-06,1.92e-09,1.9555493232666605e-12,0.5950000000000004
1.0,0.2463,0.008185,4.242e-06,2.16e-09,2.199724809806606e-12,0.6000000000000004
1.0,0.2511,0.008733,4.781e-06,2.435e-09,2.4796001772051809e-12,0.6050000000000004
1.0,0.256,0.009313,5.401e-06,2.75e-09,2.8008259689977626e-12,0.6100000000000004
1.0,0.2609,0.009928,6.112e-06,3.113e-09,3.1700042135893327e-12,0.6150000000000004
1.0,0.2659,0.01058,6.932e-06,3.53e-09,3.5948109956190954e-12,0.6200000000000004
1.0,0.2709,0.01127,7.875e-06,4.011e-09,4.0841133790806976e-12,0.6250000000000004
1.0,0.276,0.012,8.963e-06,4.565e-09,4.6482554078258548e-12,0.6300000000000004
1.0,0.2811,0.01278,1.022e-05,5.204e-09,5.2992561515381827e-12,0.6350000000000005
1.0,0.2864,0.0136,1.167e-05,5.942e-09,6.0509991079845114e-12,0.6400000000000005
1.0,0.2916,0.01446,1.334e-05,6.795e-09,6.9196609845965886e-12,0.6450000000000005
1.0,0.297,0.01538,1.528e-05,7.781e-09,7.9240264027056283e-12,0.6500000000000005
1.0,0.3024,0.01635,1.752e-05,8.922e-09,9.0857871489703255e-12,0.6550000000000005
1.0,0.3078,0.01738,2.011e-05,1.024e-08,1.0430196629668823e-11,0.6600000000000005
1.0,0.3134,0.01846,2.311e-05,1.177e-08,1.1986565610559707e-11,0.6650000000000005
1.0,0.319,0.01961,2.658e-05,1.354e-08,1.3788726963882369e-11,0.6700000000000005
1.0,0.3246,0.02082,3.061e-05,1.559e-08,1.5876115303917018e-11,0.6750000000000005
1.0,0.3303,0.0221,3.527e-05,1.796e-08,1.8294224861988254e-11,0.6800000000000005
1.0,0.3361,0.02345,4.066e-05,2.072e-08,2.1096040230817753e-11,0.6850000000000005
1.0,0.342,0.02488,4.692e-05,2.39e-08,2.4342723618924605e-11,0.6900000000000005
1.0,0.3479,0.02639,5.416e-05,2.76e-08,2.8105480854755365e-11,0.6950000000000005
1.0,0.3539,0.02799,6.256e-05,3.188e-08,3.2466559552871174e-11,0.7000000000000005
1.0,0.36,0.02967,7.229e-05,3.685e-08,3.752172078659238e-11,0.7050000000000005
1.0,0.3662,0.03145,8.356e-05,4.26e-08,4.3381665849330042e-11,0.7100000000000005
1.0,0.3724,0.03333,9.662e-05,4.927e-08,5.0175362454968782e-11,0.7150000000000005
1.0,0.3787,0.03531,0.0001118,5.701e-08,5.8052075390009867e-11,0.7200000000000005
1.0,0.3851,0.0374,0.0001293,6.598e-08,6.7185922486177487e-11,0.7250000000000005
1.0,0.3915,0.0396,0.0001496,7.638e-08,7.7778984780194088e-11,0.7300000000000005
1.0,0.3981,0.04193,0.0001731,8.844e-08,9.0066664275875519e-11,0.7350000000000005
1.0,0.4047,0.04439,0.0002004,1.024e-07,1.0432423266908059e-10,0.7400000000000005
1.0,0.4114,0.04698,0.000232,1.187e-07,1.2087279081639083e-10,0.7450000000000006
1.0,0.4182,0.04971,0.0002685,1.376e-07,1.4008849141518513e-10,0.7500000000000006
1.0,0.4251,0.05259,0.0003109,1.595e-07,1.6241416756174473e-10,0.7550000000000006
1.0,0.432,0.05564,0.0003599,1.85e-07,1.8837090909806189e-10,0.7600000000000006
1.0,0.4391,0.05884,0.0004167,2.146e-07,2.1857585243938854e-10,0.7650000000000006
1.0,0.4462,0.06223,0.0004825,2.492e-07,2.5376255939794061e-10,0.7700000000000006
1.0,0.4535,0.06579,0.0005587,2.895e-07,2.9481003719077755e-10,0.7750000000000006
1.0,0.4608,0.06955,0.0006469,3.366e-07,3.4277527705159158e-10,0.7800000000000006
1.0,0.4682,0.07352,0.000749,3.917e-07,3.9894153424628903e-10,0.7850000000000006
1.0,0.4758,0.0777,0.0008672,4.565e-07,4.648797439235192e-10,0.7900000000000006
1.0,0.4834,0.08211,0.001004,5.328e-07,5.4253183729765431e-10,0.7950000000000006
1.0,0.4911,0.08676,0.001163,6.229e-07,6.3432412965351248e-10,0.8000000000000006
1.0,0.499,0.09166,0.001346,7.299e-07,7.4332313582408146e-10,0.8050000000000006
1.0,0.5069,0.09682,0.001559,8.577e-07,8.7345158192378721e-10,0.8100000000000006
1.0,0.515,0.1023,0.001805,1.011e-06,1.0297902537119719e-09,0.8150000000000006
1.0,0.5232,0.108,0.00209,1.197e-06,1.219004730343432e-09,0.8200000000000006
1.0,0.5314,0.1141,0.002421,1.424e-06,1.449939872362631e-09,0.8250000000000006
1.0,0.5398,0.1204,0.002804,1.703e-06,1.7344871496819594e-09,0.8300000000000006
1.0,0.5484,0.1272,0.003247,2.051e-06,2.0888089130537257e-09,0.8350000000000006
1.0,0.557,0.1343,0.003762,2.489e-06,2.5350945454185609e-09,0.8400000000000006
1.0,0.5658,0.1417,0.004358,3.048e-06,3.1041360235494494e-09,0.8450000000000006
1.0,0.5747,0.1496,0.00505,3.77e-06,3.8390153139964895e-09,0.8500000000000006
1.0,0.5837,0.1579,0.005853,4.714e-06,4.8005237637824551e-09,0.8550000000000006
1.0,0.5929,0.1667,0.006785,5.965e-06,6.075119740369773e-09,0.8600000000000007
1.0,0.6022,0.176,0.007868,7.646e-06,7.7865935021442076e-09,0.8650000000000007
1.0,0.6117,0.1858,0.009128,9.931e-06,1.0113364232301983e-08,0.8700000000000007
1.0,0.6213,0.1961,0.01059,1.307e-05,1.3314322115603496e-08,0.8750000000000007
1.0,0.6311,0.207,0.0123,1.745e-05,1.7767481277229212e-08,0.8800000000000007
1.0,0.6411,0.2186,0.01429,2.359e-05,2.4028300135969476e-08,0.8850000000000007
1.0,0.6513,0.2308,0.01662,3.232e-05,3.2918555288286088e-08,0.8900000000000007
1.0,0.6617,0.2438,0.01934,4.483e-05,4.5662706676290357e-08,0.8950000000000007
1.0,0.6723,0.2576,0.02254,6.292e-05,6.4099555744881553e-08,0.9000000000000007
1.0,0.6831,0.2722,0.02629,8.931e-05,9.1014272528283508e-08,0.9050000000000007
1.0,0.6942,0.2878,0.03071,0.0001282,1.3066801789054505e-07,0.9100000000000007
1.0,0.7056,0.3045,0.03593,0.0001858,1.8965642588100497e-07,0.9150000000000007
1.0,0.7173,0.3222,0.04212,0.0002723,2.7833771413392481e-07,0.9200000000000007
1.0,0.7293,0.3413,0.04948,0.0004031,4.132845066716554e-07,0.9250000000000007
1.0,0.7417,0.3618,0.05827,0.0006032,6.21697947025968e-07,0.9300000000000007
1.0,0.7546,0.3839,0.06882,0.0009124,9.4989861875123455e-07,0.9350000000000007
1.0,0.7679,0.4077,0.08152,0.001396,1.4811944343532278e-06,0.9400000000000007
1.0,0.7818,0.4336,0.09692,0.002163,2.3779757809508044e-06,0.9450000000000007
1.0,0.7962,0.4618,0.1157,0.003399,3.9939748681750403e-06,0.9500000000000007
1.0,0.8114,0.4927,0.1388,0.005424,7.213476428471545e-06,0.9550000000000007
1.0,0.8274,0.5268,0.1674,0.008821,1.460788845224969e-05,0.9600000000000007
1.0,0.8444,0.5649,0.2037,0.01471,3.490687070763202e-05,0.9650000000000007
1.0,0.863,0.6084,0.2509,0.02542,0.00010295296613840658,0.9700000000000008
1.0,0.8836,0.6592,0.3141,0.04604,0.00038114394011396472,0.9750000000000008
1.0,0.9051,0.7154,0.3947,0.0842,0.0015666251909968274,0.9800000000000008
1.0,0.9223,0.7624,0.4709,0.134,0.0047782726344469386,0.9850000000000008
1.0,0.9336,0.7941,0.5268,0.1795,0.0097056487232087887,0.9900000000000008
1.0,0.9413,0.8161,0.5677,0.2179,0.015548408624669767,0.9950000000000008
1.0,0.947,0.8326,0.5995,0.2508,0.021903163643711657,1.0000000000000007
1.0,0.9515,0.8457,0.6255,0.2796,0.028581950832357782,1.0050000000000006
1.0,0.9552,0.8566,0.6474,0.3054,0.035484124732076634,1.0100000000000005
1.0,0.9583,0.8658,0.6663,0.3288,0.042548498116215236,1.0150000000000003
1.0,0.961,0.8738,0.6831,0.3502,0.04973423338677091,1.0200000000000002
1.0,0.9634,0.8809,0.698,0.3701,0.057012160217740866,1.0250000000000001
1.0,0.9654,0.8872,0.7115,0.3887,0.064360336145970254,1.03
1.0,0.9673,0.8929,0.7239,0.406,0.071761666275954941,1.035
1.0,0.969,0.898,0.7352,0.4224,0.079202428102450956,1.0399999999999998
1.0,0.9706,0.9028,0.7456,0.4379,0.086671356806358638,1.0449999999999997
1.0,0.972,0.9071,0.7554,0.4526,0.094159020713012131,1.0499999999999996
1.0,0.9733,0.9112,0.7644,0.4666,0.10165745802815132,1.0549999999999995
1.0,0.9745,0.9149,0.7729,0.4799,0.10915980556752934,1.0599999999999994
1.0,0.9757,0.9184,0.7809,0.4927,0.11666016021277256,1.0649999999999993
1.0,0.9767,0.9217,0.7884,0.5049,0.12415332941901315,1.0699999999999992
1.0,0.9777,0.9247,0.7955,0.5166,0.13163477056812919,1.074999999999999
1.0,0.9786,0.9276,0.8022,0.5279,0.13910049647602388,1.079999999999999
1.0,0.9795,0.9303,0.8085,0.5387,0.14654692258958274,1.0849999999999989
1.0,0.9803,0.9329,0.8146,0.5492,0.15397087859990785,1.0899999999999987
1.0,0.9811,0.9353,0.8203,0.5593,0.16136953090544756,1.0949999999999986
1.0,0.9818,0.9376,0.8258,0.569,0.16874034016879008,1.0999999999999985
1.0,0.9825,0.9398,0.8311,0.5784,0.17608102579466994,1.1049999999999984
1.0,0.9832,0.9419,0.8361,0.5875,0.18338953590971266,1.1099999999999983
1.0,0.9838,0.9439,0.8409,0.5963,0.19066405243133336,1.1149999999999982
1.0,0.9844,0.9457,0.8455,0.6048,0.19790285408015812,1.119999999999998
1.0,0.9849,0.9475,0.8499,0.6131,0.20510449627392949,1.124999999999998
1.0,0.9855,0.9493,0.8541,0.6211,0.21226759394720351,1.129999999999998
1.0,0.986,0.9509,0.8582,0.6289,0.21939092510194499,1.1349999999999978
1.0,0.9865,0.9525,0.8621,0.6365,0.22647338773855677,1.1399999999999977
1.0,0.9869,0.954,0.8659,0.6438,0.23351396066417399,1.1449999999999976
1.0,0.9874,0.9554,0.8695,0.651,0.24051180691989313,1.1499999999999975
1.0,0.9878,0.9568,0.873,0.6579,0.24746609484785692,1.1549999999999974
1.0,0.9882,0.9581,0.8763,0.6647,0.2543761047066454,1.1599999999999973
1.0,0.9886,0.9594,0.8796,0.6713,0.26124122445795411,1.1649999999999971
1.0,0.989,0.9606,0.8827,0.6777,0.2680608197332543,1.169999999999997
1.0,0.9893,0.9618,0.8858,0.6839,0.27483441109206896,1.174999999999997
1.0,0.9897,0.963,0.8887,0.69,0.28156154853091653,1.1799999999999968
1.0,0.99,0.9641,0.8915,0.696,0.28824183669810688,1.1849999999999967
1.0,0.9903,0.9651,0.8943,0.7018,0.2948749647685886,1.1899999999999966
1.0,0.9906,0.9661,0.8969,0.7074,0.3014605722388507,1.1949999999999965
1.0,0.9909,0.9671,0.8995,0.7129,0.30799843383758746,1.1999999999999964
1.0,0.9912,0.9681,0.902,0.7183,0.31448836938346275,1.2049999999999963
1.0,0.9915,0.969,0.9044,0.7236,0.32093013953459965,1.2099999999999962
1.0,0.9918,0.9698,0.9067,0.7287,0.32732362988198871,1.214999999999996
1.0,0.992,0.9707,0.909,0.7337,0.33366876854447486,1.219999999999996
1.0,0.9922,0.9715,0.9112,0.7386,0.33996540581502388,1.2249999999999959
1.0,0.9925,0.9723,0.9133,0.7434,0.34621355687593669,1.2299999999999958
1.0,0.9927,0.9731,0.9154,0.748,0.3524131294593289,1.2349999999999957
1.0,0.9929,0.9738,0.9174,0.7526,0.3585641861458882,1.2399999999999956
1.0,0.9931,0.9745,0.9194,0.7571,0.36466668241639338,1.2449999999999954
1.0,0.9933,0.9752,0.9213,0.7615,0.37072072406369905,1.2499999999999953
1.0,0.9935,0.9759,0.9231,0.7657,0.37672630579370531,1.2549999999999952
1.0,0.9937,0.9766,0.9249,0.7699,0.38268357330070596,1.2599999999999951
1.0,0.9939,0.9772,0.9267,0.774,0.38859255272718285,1.264999999999995
1.0,0.9941,0.9778,0.9284,0.778,0.39445342735463212,1.269999999999995
1.0,0.9943,0.9784,0.93,0.7819,0.40026628283811616,1.2749999999999948
1.0,0.9944,0.979,0.9316,0.7858,0.4060312322820348,1.2799999999999947
1.0,0.9946,0.9795,0.9332,0.7895,0.41174848993514479,1.2849999999999946
1.0,0.9948,0.9801,0.9347,0.7932,0.4174181533754448,1.2899999999999945
1.0,0.9949,0.9806,0.9362,0.7968,0.42304046984957433,1.2949999999999944
1.0,0.995,0.9811,0.9376,0.8004,0.42861558480419581,1.2999999999999943
1.0,0.9952,0.9816,0.939,0.8038,0.43414366365412832,1.3049999999999942
1.0,0.9953,0.9821,0.9404,0.8072,0.43962497859458344,1.309999999999994
1.0,0.9955,0.9825,0.9417,0.8105,0.44505970401197315,1.314999999999994
1.0,0.9956,0.983,0.943,0.8138,0.4504480299845019,1.3199999999999938
1.0,0.9957,0.9834,0.9443,0.817,0.45579025162970793,1.3249999999999937
1.0,0.9958,0.9839,0.9455,0.8201,0.4610865648958043,1.3299999999999936
1.0,0.9959,0.9843,0.9467,0.8232,0.46633717793040047,1.3349999999999935
1.0,0.9961,0.9847,0.9479,0.8262,0.47154240765564265,1.3399999999999934
1.0,0.9962,0.9851,0.949,0.8292,0.47670246516249182,1.3449999999999933
1.0,0.9963,0.9854,0.9502,0.832,0.48181760650001365,1.3499999999999932
1.0,0.9964,0.9858,0.9512,0.8349,0.48688806305420451,1.354999999999993
1.0,0.9965,0.9862,0.9523,0.8377,0.49191416263871413,1.359999999999993
1.0,0.9966,0.9865,0.9533,0.8404,0.49689613763322121,1.3649999999999929
1.0,0.9967,0.9869,0.9544,0.8431,0.50183425954611083,1.3699999999999928
1.0,0.9968,0.9872,0.9553,0.8457,0.50672877506101199,1.3749999999999927
1.0,0.9969,0.9875,0.9563,0.8483,0.51158002221125687,1.3799999999999926
1.0,0.9969,0.9878,0.9572,0.8508,0.51638824680835338,1.3849999999999925
1.0,0.997,0.9881,0.9582,0.8533,0.52115373098252482,1.3899999999999924
1.0,0.9971,0.9884,0.9591,0.8557,0.52587673024627879,1.3949999999999922
1.0,0.9972,0.9887,0.9599,0.8581,0.53055759268836633,1.3999999999999921
1.0,0.9973,0.989,0.9608,0.8605,0.53519657115290697,1.404999999999992
1.0,0.9973,0.9893,0.9616,0.8628,0.53979395455583001,1.409999999999992
1.0,0.9974,0.9895,0.9624,0.8651,0.54435000158127422,1.4149999999999918
1.0,0.9975,0.9898,0.9632,0.8673,0.54886507134911788,1.4199999999999917
1.0,0.9975,0.99,0.964,0.8695,0.55333941807292386,1.4249999999999916
1.0,0.9976,0.9903,0.9648,0.8716,0.55777333440812227,1.4299999999999915
1.0,0.9977,0.9905,0.9655,0.8737,0.56216711349452309,1.4349999999999914
1.0,0.9977,0.9908,0.9662,0.8758,0.5665210180560446,1.4399999999999913
1.0,0.9978,0.991,0.9669,0.8778,0.57083540835632673,1.4449999999999912
1.0,0.9979,0.9912,0.9676,0.8798,0.57511054160441177,1.449999999999991
1.0,0.9979,0.9914,0.9683,0.8818,0.57934671173615959,1.454999999999991
1.0,0.998,0.9916,0.969,0.8837,0.58354421254191657,1.4599999999999909
1.0,0.998,0.9918,0.9696,0.8856,0.58770333756640802,1.4649999999999908
1.0,0.9981,0.992,0.9702,0.8874,0.59182435238300013,1.4699999999999906
1.0,0.9981,0.9922,0.9709,0.8893,0.59590760933194653,1.4749999999999905
1.0,0.9982,0.9924,0.9715,0.8911,0.59995336805697774,1.4799999999999904
1.0,0.9982,0.9926,0.9721,0.8928,0.60396192032023488,1.4849999999999903
1.0,0.9983,0.9928,0.9726,0.8946,0.60793355719122288,1.4899999999999902
1.0,0.9983,0.9929,0.9732,0.8963,0.61186856897646513,1.4949999999999901
1.0,0.9984,0.9931,0.9738,0.8979,0.61576721779837318,1.49999999999999
1.0,0.9984,0.9933,0.9743,0.8996,0.61962985101743473,1.50499999999999
1.0,0.9985,0.9934,0.9748,0.9012,0.62345672423475462,1.5099999999999898
1.0,0.9985,0.9936,0.9753,0.9028,0.62724812416275655,1.5149999999999897
1.0,0.9985,0.9938,0.9759,0.9043,0.63100433643721709,1.5199999999999896
1.0,0.9986,0.9939,0.9764,0.9059,0.63472564556893862,1.5249999999999895
1.0,0.9986,0.9941,0.9768,0.9074,0.63841233489804383,1.5299999999999894
1.0,0.9986,0.9942,0.9773,0.9089,0.64206466095736381,1.5349999999999893
1.0,0.9987,0.9943,0.9778,0.9103,0.64568295942714282,1.5399999999999892
1.0,0.9987,0.9945,0.9782,0.9118,0.64926748015662905,1.544999999999989
1.0,0.9988,0.9946,0.9787,0.9132,0.65281850146938625,1.549999999999989
1.0,0.9988,0.9947,0.9791,0.9146,0.65633630031589807,1.5549999999999888
1.0,0.9988,0.9949,0.9795,0.9159,0.65982115224346782,1.5599999999999887
1.0,0.9988,0.995,0.98,0.9173,0.66327333136795608,1.5649999999999886
1.0,0.9989,0.9951,0.9804,0.9186,0.66669308357624679,1.5699999999999885
1.0,0.9989,0.9952,0.9808,0.9199,0.67008073718248284,1.5749999999999884
1.0,0.9989,0.9953,0.9812,0.9211,0.67343653100303769,1.5799999999999883
1.0,0.999,0.9954,0.9815,0.9224,0.67676073324607144,1.5849999999999882
1.0,0.999,0.9956,0.9819,0.9236,0.68005361056372104,1.589999999999988
1.0,0.999,0.9957,0.9823,0.9248,0.68331542803492173,1.594999999999988
1.0,0.999,0.9958,0.9826,0.926,0.68654644914950669,1.5999999999999879
1.0,0.9991,0.9959,0.983,0.9272,0.68974693579353508,1.6049999999999878
1.0,0.9991,0.996,0.9833,0.9284,0.6929171482358184,1.6099999999999877
1.0,0.9991,0.9961,0.9837,0.9295,0.69605732130149089,1.6149999999999876
1.0,0.9991,0.9962,0.984,0.9306,0.69916776264343794,1.6199999999999875
1.0,0.9992,0.9962,0.9843,0.9317,0.70224870038261611,1.6249999999999873
1.0,0.9992,0.9963,0.9846,0.9328,0.70530038825622243,1.6299999999999872
1.0,0.9992,0.9964,0.985,0.9338,0.70832307832701324,1.6349999999999871
1.0,0.9992,0.9965,0.9853,0.9349,0.71131702097699556,1.639999999999987
1.0,0.9993,0.9966,0.9856,0.9359,0.7142824649019236,1.644999999999987
1.0,0.9993,0.9967,0.9859,0.9369,0.71721965710658064,1.6499999999999868
1.0,0.9993,0.9968,0.9861,0.9379,0.72012884290081847,1.6549999999999867
1.0,0.9993,0.9968,0.9864,0.9389,0.72301024149691229,1.6599999999999866
1.0,0.9993,0.9969,0.9867,0.9399,0.72586414652921172,1.6649999999999865
1.0,0.9993,0.997,0.987,0.9408,0.72869077052990949,1.6699999999999864
1.0,0.9994,0.9971,0.9872,0.9417,0.73149035204636459,1.6749999999999863
1.0,0.9994,0.9971,0.9875,0.9427,0.73426312791642567,1.6799999999999862
1.0,0.9994,0.9972,0.9877,0.9436,0.73700933326907891,1.684999999999986
1.0,0.9994,0.9973,0.988,0.9444,0.73972920152559485,1.689999999999986
1.0,0.9994,0.9973,0.9882,0.9453,0.74242296440114697,1.6949999999999859
1.0,0.9994,0.9974,0.9885,0.9462,0.74509085190689484,1.6999999999999857
1.0,0.9995,0.9975,0.9887,0.947,0.74773309235250551,1.7049999999999856
1.0,0.9995,0.9975,0.9889,0.9479,0.75034991234911108,1.7099999999999855
1.0,0.9995,0.9976,0.9891,0.9487,0.75294151418616873,1.7149999999999854
1.0,0.9995,0.9976,0.9894,0.9495,0.75550816888777417,1.7199999999999853
1.0,0.9995,0.9977,0.9896,0.9503,0.75805007252990031,1.7249999999999852
1.0,0.9995,0.9977,0.9898,0.9511,0.76056744499977225,1.729999999999985
1.0,0.9995,0.9978,0.99,0.9518,0.76306050450289276,1.734999999999985
1.0,0.9996,0.9979,0.9902,0.9526,0.76552946756863349,1.739999999999985
1.0,0.9996,0.9979,0.9904,0.9533,0.7679745490560832,1.7449999999999848
1.0,0.9996,0.998,0.9906,0.9541,0.77039596216014949,1.7499999999999847
1.0,0.9996,0.998,0.9908,0.9548,0.77279391841790068,1.7549999999999846
1.0,0.9996,0.9981,0.991,0.9555,0.77516862771513906,1.7599999999999845
1.0,0.9996,0.9981,0.9912,0.9562,0.77752029829319869,1.7649999999999844
1.0,0.9996,0.9982,0.9913,0.9569,0.7798491367559478,1.7699999999999843
1.0,0.9996,0.9982,0.9915,0.9576,0.78215534807699871,1.7749999999999841
1.0,0.9996,0.9982,0.9917,0.9582,0.78443911570132629,1.779999999999984
1.0,0.9997,0.9983,0.9919,0.9589,0.78670068326921316,1.784999999999984
1.0,0.9997,0.9983,0.992,0.9595,0.78894022868811142,1.7899999999999838
1.0,0.9997,0.9984,0.9922,0.9602,0.79115795050991478,1.7949999999999837
1.0,0.9997,0.9984,0.9923,0.9608,0.7933540456924415,1.7999999999999836
1.0,0.9997,0.9984,0.9925,0.9614,0.795528709607916,1.8049999999999835
1.0,0.9997,0.9985,0.9926,0.962,0.79768213605155458,1.8099999999999834
1.0,0.9997,0.9985,0.9928,0.9626,0.79981451725025021,1.8149999999999833
1.0,0.9997,0.9986,0.9929,0.9632,0.80192604387135236,1.8199999999999832
1.0,0.9997,0.9986,0.9931,0.9638,0.80401690503153622,1.824999999999983
1.0,0.9997,0.9986,0.9932,0.9644,0.80608728830575527,1.829999999999983
1.0,0.9997,0.9987,0.9934,0.9649,0.80813737973627342,1.8349999999999829
1.0,0.9998,0.9987,0.9935,0.9655,0.81016736384176569,1.8399999999999828
1.0,0.9998,0.9987,0.9936,0.966,0.81217742362649226,1.8449999999999827
1.0,0.9998,0.9988,0.9938,0.9665,0.81416772129598258,1.8499999999999825
1.0,0.9998,0.9988,0.9939,0.9671,0.81613847732689748,1.8549999999999824
1.0,0.9998,0.9988,0.994,0.9676,0.81808984887026848,1.8599999999999823
1.0,0.9998,0.9989,0.9941,0.9681,0.82002201298395339,1.8649999999999822
1.0,0.9998,0.9989,0.9943,0.9686,0.82193514525624445,1.8699999999999821
1.0,0.9998,0.9989,0.9944,0.9691,0.82382941981551916,1.874999999999982
1.0,0.9998,0.9989,0.9945,0.9696,0.82570500933990609,1.879999999999982
1.0,0.9998,0.999,0.9946,0.9701,0.82756208506696494,1.8849999999999818
1.0,0.9998,0.999,0.9947,0.9705,0.8294008168033703,1.8899999999999817
1.0,0.9998,0.999,0.9948,0.971,0.8312213729346104,1.8949999999999816
1.0,0.9998,0.9991,0.9949,0.9715,0.83302392043468165,1.8999999999999815
1.0,0.9998,0.9991,0.995,0.9719,0.83480862487579144,1.9049999999999814
1.0,0.9998,0.9991,0.9951,0.9724,0.83657565043805482,1.9099999999999813
1.0,0.9998,0.9991,0.9952,0.9728,0.83832515991919421,1.9149999999999812
1.0,0.9999,0.9991,0.9953,0.9732,0.84005731474422507,1.919999999999981
1.0,0.9999,0.9992,0.9954,0.9736,0.84177227497514007,1.924999999999981
1.0,0.9999,0.9992,0.9955,0.9741,0.84347019932058076,1.9299999999999808
1.0,0.9999,0.9992,0.9956,0.9745,0.84515122773472495,1.9349999999999807
1.0,0.9999,0.9992,0.9957,0.9749,0.84681555264138697,1.9399999999999806
1.0,0.9999,0.9993,0.9958,0.9753,0.84846330962200656,1.9449999999999805
1.0,0.9999,0.9993,0.9959,0.9757,0.85009465208132251,1.9499999999999804
1.0,0.9999,0.9993,0.996,0.9761,0.85170973211763101,1.9549999999999803
1.0,0.9999,0.9993,0.9961,0.9764,0.85330870053246111,1.9599999999999802
1.0,0.9999,0.9993,0.9962,0.9768,0.85489170684021221,1.96499999999998
1.0,0.9999,0.9994,0.9962,0.9772,0.85645889927775332,1.96999999999998
1.0,0.9999,0.9994,0.9963,0.9775,0.85801042481398948,1.9749999999999799
1.0,0.9999,0.9994,0.9964,0.9779,0.85954642915938395,1.9799999999999798
1.0,0.9999,0.9994,0.9965,0.9783,0.86106705677544682,1.9849999999999797
1.0,0.9999,0.9994,0.9966,0.9786,0.86257245088418055,1.9899999999999796
1.0,0.9999,0.9994,0.9966,0.9789,0.86406275347748529,1.9949999999999795
1.0,0.9999,0.9995,0.9967,0.9793,0.86553810532652209,1.9999999999999793
1.0,0.9999,0.9995,0.9968,0.9796,0.86699864599103416,2.0049999999999795
1.0,0.9999,0.9995,0.9968,0.9799,0.8684445138286252,2.0099999999999794
1.0,0.9999,0.9995,0.9969,0.9803,0.86987584600399326,2.0149999999999793
1.0,0.9999,0.9995,0.997,0.9806,0.8712927784981187,2.019999999999979
1.0,0.9999,0.9995,0.997,0.9809,0.87269544611740957,2.024999999999979
1.0,0.9999,0.9995,0.9971,0.9812,0.87408398250279629,2.029999999999979
1.0,0.9999,0.9996,0.9972,0.9815,0.87545850447298867,2.034999999999979
1.0,0.9999,0.9996,0.9972,0.9818,0.87681917599153181,2.0399999999999787
1.0,0.9999,0.9996,0.9973,0.9821,0.87816611018843826,2.0449999999999786
1.0,1.0,0.9996,0.9974,0.9824,0.8794994361418319,2.0499999999999785
